{
    "$schema":
        "https://raw.githubusercontent.com/DotNetAnalyzers/StyleCopAnalyzers/master/StyleCop.Analyzers/StyleCop.Analyzers/Settings/stylecop.schema.json",
    "settings": {
        "documentationRules": {
            "companyName": "Automate The Planet Ltd.",
            "copyrightText":
                "This source code is Copyright � {companyName} and MAY NOT be copied, reproduced,\npublished, distributed or transmitted to or stored in any manner without prior\nwritten consent from {companyName} (bellatrix.solutions)."
        }
    }
}